{"sections":{"173928567888fe8241":{"type":"apps","blocks":{"extenxion_appx_extracandpaint_KJJYht":{"type":"shopify:\/\/apps\/extenxion-appx\/blocks\/extracandpaint\/f4bf8664-f763-45bb-bfd1-28f273b156c7","disabled":true,"settings":{"toke_texto":"V2VibWVmeXN1cGVyc2VjcmV0ZW50cnlsZXZlbHRva2Vu","toke_texto2":"https:\/\/cors-anywhere.herokuapp.com\/https:\/\/technical-test.webmefy.io"}}},"block_order":["extenxion_appx_extracandpaint_KJJYht"],"settings":{"include_margins":true}},"image_banner":{"type":"image-banner","blocks":{"heading":{"type":"heading","settings":{"heading":"Browse our latest products","heading_size":"h0"}},"button":{"type":"buttons","settings":{"button_label_1":"Shop all","button_link_1":"shopify:\/\/collections\/all","button_style_secondary_1":true,"button_label_2":"","button_link_2":"","button_style_secondary_2":false}}},"block_order":["heading","button"],"settings":{"image_overlay_opacity":40,"image_height":"large","desktop_content_position":"bottom-center","show_text_box":false,"desktop_content_alignment":"center","color_scheme":"scheme-3","image_behavior":"none","mobile_content_alignment":"center","stack_images_on_mobile":false,"show_text_below":false}},"featured_collection":{"type":"featured-collection","settings":{"title":"Featured products","heading_size":"h2","description":"","show_description":false,"description_style":"body","collection":"all","products_to_show":8,"columns_desktop":4,"full_width":false,"show_view_all":true,"view_all_style":"solid","enable_desktop_slider":false,"color_scheme":"scheme-1","image_ratio":"adapt","image_shape":"default","show_secondary_image":true,"show_vendor":false,"show_rating":false,"quick_add":"none","columns_mobile":"2","swipe_on_mobile":false,"padding_top":44,"padding_bottom":36}}},"order":["173928567888fe8241","image_banner","featured_collection"]}