{"name":"t:sections.header.name","type":"header","sections":{"announcement-bar":{"type":"announcement-bar","blocks":{"announcement-bar-0":{"type":"announcement","settings":{"text":"Welcome to our store","link":""}}},"block_order":["announcement-bar-0"],"settings":{"color_scheme":"scheme-1","show_line_separator":true,"show_social":false,"auto_rotate":false,"change_slides_speed":5,"enable_country_selector":false,"enable_language_selector":false}},"header":{"type":"header","settings":{"logo_position":"middle-left","menu":"main-menu","menu_type_desktop":"dropdown","sticky_header_type":"on-scroll-up","show_line_separator":true,"color_scheme":"scheme-1","menu_color_scheme":"scheme-1","enable_country_selector":true,"enable_language_selector":true,"enable_customer_avatar":true,"mobile_logo_position":"center","margin_bottom":0,"padding_top":20,"padding_bottom":20}},"1738288063a1966d9c":{"type":"apps","blocks":{"related_product_star_rating_NJKVMb":{"type":"shopify:\/\/apps\/related-product\/blocks\/star_rating\/40a5fe0e-6ebf-41ff-bece-c5a063021205","settings":{"product_layout":"3","related_heading_text":"Productos relacionados","add_button_text":"Agregar"}}},"block_order":["related_product_star_rating_NJKVMb"],"settings":{"include_margins":true}}},"order":["announcement-bar","header","1738288063a1966d9c"]}